id,latitude,longitude,free_bikes,empty_slots,bike_station
1f5c4bbbdda9c2d08239135f4adde68f,41.96909,-87.674237,1,45,0
1ad7fb8d86ae4bffa241927486981a37,41.793242,-87.587782,19,0,1
5722adf4f567f20396ba64db2aa3952b,41.88283,-87.661206,6,8,2
d510712148d2ace2f7efade8e41b4fa4,41.950687,-87.6687,3,11,3
7d847e4d2e95d93d23dfb60e811f3888,41.929546,-87.643118,6,5,4
3e7f4a1a0a89954ac257e403e6d29263,41.866095,-87.607267,15,19,5
77fdc1c96ea2b87051aa1d14aa3940a1,41.871262,-87.673688,3,18,6
7c796d4adb3a7cb7c80818ef8e3706ee,41.928887,-87.658971,9,5,7
4976a6d4f99cb78fd33b89d4954ca3a4,41.929143,-87.649077,2,11,8
361f4566b1399797b0b93458561b81ad,41.805661,-87.683392,6,4,9
7db1f7cd085de82f4bd8ed444ac23ef1,41.92459,-87.72785,6,5,10
e17e3c8d94314130f0df319fd621b49d,41.94367,-87.64895,14,1,11
ce64acd799ad160f58714e4d66f93bd3,41.940106,-87.645451,9,8,12
6b1b862f1b6c969e38091549207f8c04,41.961507,-87.671387,6,7,13
11a832f422b10fe7e4cbc244ba11afb0,41.978353,-87.659753,4,10,14
01dec6831a34cc21119afedc1a551567,41.973815,-87.65966,7,12,15
ce5c76653e8dc91406270f278700a41e,41.957081,-87.664199,6,5,16
ac2888f3f50db6703232d44509449a5d,41.965221,-87.658139,9,14,17
9db2884da36cabac8cd67e9bec1e2266,41.921525,-87.707322,7,8,18
d849d399f3f5819a139a660f4df2b7f3,41.906724,-87.63483,4,13,19
23092e2b09d840d04b8549610274b570,41.953733,-87.740569,5,6,20
70082d3039d307661605014519032c9b,41.787539,-87.644874,4,7,21
3641f6337b3bf6a61660c79fafedd488,41.960631,-87.745359,2,8,22
a338f4ed1812b090b17ff9412df9adcb,41.891466,-87.626761,16,9,23
7726429245001ff8e889f60d1cb505dc,42.032562,-87.679101,3,11,24
dd9129b3d6997c7c90a07c7a8d00d075,42.048214,-87.683485,1,12,25
1976697fc5cdfc3ed05deba9b59c5f3a,41.884728,-87.619521,8,41,26
c18c4d65dba23fd995291bb1e247a4a9,41.886875,-87.62603,2,14,27
e8088cdb2526d5bb46e97fcc95554047,41.882134,-87.625125,1,17,28
fda2895d31f014b24208c2fa946c334c,41.890573,-87.622072,1,28,29
04c7353c6ebd0229dad664ca9fae876f,41.88169,-87.63953,7,17,30
100a3709c9e441ab29c3a8dc210d59ca,41.928773,-87.663913,2,12,31
c84cde6b81786b38276ea58ee89d9368,41.841707,-87.626938,2,8,32
f9fc7dc69c3dea477b9bdee19535f824,41.879255,-87.639904,3,37,33
f83df5ad9762592fb29c27c14b62ca22,41.7586696704,-87.586882871,5,6,34
9f666ceb4fdc869c4c22de8f8853b7b8,41.816499,-87.606582,7,4,35
a00c5b96a8b350f4e7d6592a391f28bb,41.838842,-87.621857,5,5,36
7ee4cb8cac896b5b46fedb0f72b5ee83,41.861267,-87.656625,7,8,37
d71d45b9ccf989cdc95bea58cc59d770,41.865234,-87.666507,1,11,38
2201d49f925d6c7a3353f0bf87df111f,41.891072,-87.666611,14,0,39
86989cfe33e3e0bc607fedac6f467910,41.830661,-87.647172,5,10,40
2678099b372c37c7971bd3cf7846cad1,41.894887,-87.774704,2,3,41
6ad515a6267addaf6b2e2bfc15a390d1,42.012701,-87.666058,11,1,42
7bcd8202d36436fcf1c23e147d2b52d9,42.012342,-87.688243,4,7,43
e77794c4f4f086fd0a0c2508463f4d87,42.018901,-87.690048,4,11,44
17c5f5125f31cb03694e34c99dc682d8,42.015962,-87.66857,13,6,45
482f37a0a0cb2a7bab52424656f57b6a,42.019537,-87.669563,3,7,46
868a1f99977c7f184af87410583c81ec,42.039742,-87.699413,2,13,47
ed564a9cb47fafea0437ccf0059c7775,41.885409,-87.726491,4,6,48
f42984edfc3b8b517f6c635015fca399,41.886841,-87.745261,5,6,49
4dffb0710c525e8654550149a17ae0fa,42.00445062934,-87.6724024047,15,0,50
6348a64eb38a08522f7ce5084014bed0,42.00454962194,-87.6806661451,4,6,51
a42e6fbd08e6f71848e1edcb86f335e1,41.84910969176,-87.6951398068,6,3,52
c98b9544becc8a04ab6d607be0b5a5a3,41.8481,-87.715068,1,9,53
4a8cb7d7f6fc378b4c52f672782ed876,42.00797192287,-87.6655023944,12,2,54
640ce137384b484c9b16bd1692ea7b19,41.84151770807,-87.6851314409,6,5,55
97de04b929c07278987386d5bfafd3f7,41.84447501366,-87.7020130128,5,6,56
6458e7def29be0a0a488a7e046ac127c,41.87184,-87.64664,4,14,57
6b7af736e6add0e077c2be2e281a2592,41.874754,-87.649807,5,10,58
198e6b78d2797c8caad5b16e6fc36a15,41.77345849948,-87.5853397391,6,5,59
ee6928bd2a7172a0189305ebc12505c3,41.87146651779,-87.6409491327,6,9,60
b054c6e1fba2ba16c524f975d4d67f01,41.888243,-87.63639,6,27,61
ec839fe097cc94a666c09075e3cdd265,41.897448,-87.628722,17,10,62
47d3b52cf66e0be2e18d6420e758c701,41.87947235235,-87.6256886059,5,16,63
b9e744947abe019aedac202b985f667e,41.877181,-87.627844,0,23,64
c2340f845a4549b2209839b8cc129b36,41.87464,-87.65703,5,13,65
401df72cdbd168f03fc35f2f805a5d95,41.899643,-87.6677,9,6,66
aa46fd3f3a431b5860dbf50cfc340aac,41.8793563587,-87.6297910363,1,17,67
1c7ea9d866619c3ca0db16462a0f1465,41.8777079559,-87.6353211408,17,16,68
f5e39d9ea81017d4f7a148c6b83d0d10,41.892278,-87.612043,4,25,69
d12243325355e6705dd9a23d75b3a268,41.9267559875,-87.6344287848,4,8,70
f433a7ccfd1dc228e2ae9f776aeec36e,41.894745,-87.756895,4,2,71
22a4c974a08e758633925eba1f28f6b6,41.826712,-87.683144,4,7,72
f815b268a008f6a136472b3b9693b104,41.85353363213,-87.7050730318,2,9,73
9af01d0df12b4970acf9bf01f04b50be,41.866624,-87.694521,1,10,74
8e8994bbfc5423a06954013433be0a3d,41.86650148316,-87.68469707,10,6,75
ca31807ac807d130a46b090294ceada9,41.86649278172,-87.7064961757,4,7,76
bfcb1928473513ae0b8dae15049f42b8,41.87359967462,-87.7048707493,3,8,77
1dd6aa4e605c5af07097ca54ec3a6a63,41.78008063659,-87.6159428567,4,7,78
7a544dab113da78e735a36c045220dd9,41.838198,-87.645143,1,8,79
5ac527691dfaa8e196ed72be7e010a46,41.831379,-87.618034,8,7,80
5db6af350c3398de7f21fb926c1a0cdb,41.940775,-87.639192,7,10,81
d446dcea668a5b04fb97772ee93edd69,41.89675,-87.63089,5,10,82
8e2bdb638a19c6730f3d68080451893a,41.809855,-87.606755,2,13,83
6724222aa49d626ed9ec99d96ac5ce66,41.909668,-87.648128,4,18,84
dbfeea317c5549215bfd85cbdc151ab0,41.946176,-87.673308,6,13,85
d28e761aec3c6f4bacf93d9440e60d80,41.907066,-87.667252,2,12,86
b76468f6ba44bc3df78b8974c4705c80,41.93314,-87.64776,15,3,87
bc9bcc704d05b8355608c21dd284faf7,41.886976,-87.612813,0,30,88
d26cdaf63686931632d8f3317d720f8f,41.882664,-87.63253,2,13,89
840e7d9500f75713a2f0acc89c819750,41.88338,-87.64117,4,24,90
96561e2c766a72c90d22128feca8664a,41.8810317,-87.62408432,1,35,91
bc4590517325920d25c6f7db1cbd5c9c,41.913688,-87.652855,2,9,92
c6454aa37f7430526c2fc669fddb9e87,41.894556,-87.653449,13,1,93
caace00c27c85c809ed17111be2a4cba,41.778881,-87.586647,4,7,94
751236b7bb53e5ec76263823dde59097,41.918306,-87.636282,5,22,95
1bda95324fef73c6f1a71f1f40aebb45,41.865312,-87.617867,0,20,96
9a37dbc5c45d1b66efb017c03317059d,41.88461618962,-87.6445705849,10,10,97
c1d1b0db8e3c013d8da73c8bc2e080b6,41.794228,-87.655073,7,4,98
e11a92703c3716b2314f5456fee1c07e,41.792822,-87.664429,8,3,99
5037127308a2d715228935c4684ffe93,41.803023,-87.664699,9,2,100
ded4fc46332d538747cba18948ad62fe,41.800908,-87.674684,5,2,101
0906ffa955be21910b543f58575a80b6,41.794087,-87.675478,6,5,102
714a7548f77519de2a10ddf024ebf5ad,41.799659,-87.657195,2,5,103
f15d1c7ae869d8461876cc51c033baf8,41.808227,-87.67718,10,1,104
23d2e03453381dd4b40ed4eebd5015ea,41.894958,-87.764902,3,7,105
6a513a6fe1fb23f86c5e91ac74197ece,41.80839,-87.656526,6,5,106
b804c0dd5e6b58346592212f0f9c5f53,41.80887,-87.66454,5,6,107
ae77a6e66eaf67f2537ebae75295bcca,41.961406,-87.676169,8,6,108
cea0ed3f527bbdc236d92cfdde8258f1,41.961588,-87.666036,11,5,109
87c6f6f8da77e1f9ae5774ba076a45ec,41.907626,-87.638566,8,6,110
e4f0a502d8c8e72d591db1199ea5d3a3,41.842052,-87.617,15,0,111
c893c4f1d52daddf537401f09ed08cde,41.96167,-87.65464,15,6,112
42b90c70f7537ed60c55e94ad9dd20a0,41.883165,-87.6511,7,8,113
7616277d5bfde3ceaa2ac44f48b32318,41.877945,-87.662007,16,3,114
f21094a0cbb31eeab757f4842a949183,41.845687,-87.622481,2,12,115
1e2ac62a7914651c3919c7442c90bb79,41.921822,-87.64414,7,9,116
beca60f2189a11d22eec7d97fe996db6,41.8985866514,-87.6219152258,8,10,117
975307690597ba4c521d90067b25ed25,41.894503,-87.617854,2,27,118
5b2106a3a64c92dcd195195843ea3d09,41.922167,-87.638888,3,8,119
5529080388dcfda7ec6106631ddddccf,41.898969,-87.629912,12,5,120
d3324ee7cf49c6ee2b902483c5ab9f41,41.915689,-87.6346,13,7,121
31d68af706c9ec1afaad3d1f43d15c73,41.834734,-87.625813,0,14,122
00929ee6a896cd369421a485261d98f7,41.8349,-87.61793,8,0,123
9254526142a48fa2c9efa31d39438873,41.872773,-87.623981,2,35,124
e9e5fdbb892a1aa4fac9ce86739b0bd7,41.900363,-87.696704,13,2,125
e3bef3f35cea8ab85cebe484af5e31a0,41.88917683258,-87.6385057718,5,26,126
ad66d85749aa72209a2525823fe846e0,41.903266,-87.678435,0,6,127
71a4f25915a305d580d0120ebadff605,41.862378,-87.651062,11,2,128
1ea09bb95a1bd8ebdc7d7148a7a0fc81,41.865054,-87.656959,4,8,129
20e02634b8dab0a0469fc3e95a4c4782,41.96110801623,-87.7289701012,8,3,130
0c0a2481e64f6ffada0d915ce5fea5bf,41.939408,-87.723574,6,4,131
ae489d7ecd6074067b6bd326e7b26ce7,41.904613,-87.640552,9,2,132
63dee8c6b761d724fb232edba88de739,41.94524356848,-87.7066499009,15,0,133
91228ca4b209ef6536ef256840b81bca,41.9466358306,-87.694614758,4,9,134
0595ddafd79f881370e07bb8b3879760,41.946655,-87.683359,11,3,135
de0f23bcde43515269a3b92fe878ac54,41.943034,-87.687288,6,3,136
d89414e6edca9ab125a8d97a4c0514e8,41.89766,-87.62351,1,19,137
5f100ae1d10485a50b289d60c3aa31a1,41.91021,-87.6435,9,4,138
b9114301c8c90734fb1516d19fe37e4c,41.910522,-87.653106,0,10,139
8a65f2a456027d20ac7cc0ba1cbbc7c5,41.87772613,-87.65478743,13,7,140
9cbb73fec398309a781cd3223fece425,41.8694821,-87.6554864,2,11,141
a0fd691b483dda622169d07dd9d3797b,41.902924,-87.637715,1,12,142
f8398d403e707d33e981655a09aec96f,41.91468,-87.64332,10,3,143
f3f991ce6c3f46e48a038ac92825e066,41.90068,-87.6626,6,9,144
20b613cd03866a64444bdda247a77bca,41.82301523798,-87.6265680185,3,6,145
4a6d6f8d318b4383392b64b1a4a65afb,41.83127423549,-87.6087991946,6,12,146
ea14da01a09544aa23fffb52a27d000f,41.830777,-87.632504,11,4,147
1670df30e8b3917b6f649c78a234442d,41.83452988563,-87.6318229814,6,9,148
776ae16be52cfbb5cb338bed52432fd8,41.838464,-87.635406,13,2,149
78e14c6bbb4758170a0a52626541920c,41.842733,-87.635491,8,3,150
00bbbb451f5c60bba234419d295a5d0d,41.76571903697,-87.604959713,4,7,151
9925eae1261a759448546036984abf97,41.81620767856,-87.6348193497,9,1,152
26b1c91821312c628cd563f1e550f4ed,41.819102,-87.643278,1,9,153
0045c4ba7f11a31d591ab47fcc622eb2,41.91461,-87.667968,13,5,154
2243332775c8e6f6b491d2f19adcbf6b,41.88445395657,-87.6962981368,4,6,155
000db9b6e3849926d4868caf7096780d,41.85418424947,-87.6191537415,5,10,156
9e1ce54c3512c3488794518f48e7ba07,41.89546530305,-87.7061278837,3,7,157
dab7c45f137bb42d1107b3746187c1b0,41.89841768945,-87.6865960164,3,19,158
b2d9ad012de7832b5f88cd7dc2ba7007,41.88460328501,-87.7063037436,1,14,159
795cd9ce63f2c5528f135067a0581079,41.76550800581,-87.616917925,5,6,160
8ff51aa1ca3c794605f6d5d91fbcc2e7,41.76929308995,-87.6281959291,3,8,161
0515f954bb899b64835a0cc692d6366d,41.884069,-87.656853,4,7,162
d4f3e30a996eb55f275f5ab6883e9951,41.758768,-87.56644,8,2,163
69daae9e88ce59b7450d278528982407,41.75712006802,-87.5758393587,3,8,164
69658ca2beefd5d24e80f994afd5eb17,41.870816,-87.631246,8,7,165
e82f46981e6c2866cb92a47f8a05424b,41.880419,-87.655519,9,6,166
07a05a5b2cbad4d92ae629957447b393,41.884241,-87.629634,4,33,167
022c620271c4c057eb1caeb116c089e3,41.89637337,-87.66098386,10,8,168
9aaf7b250c54a478899273e791d42d9b,41.891578,-87.648384,3,10,169
1782dc75c6a04f132980f31c7df72a38,41.90096039,-87.62377664,12,8,170
ece087e696e275399cedbaa0c6b355b6,41.88634906269,-87.6175165471,9,4,171
193ee65aabd4268b5ee73e49afed22a6,41.743116,-87.6148,6,4,172
ff88e02368f257df6d0062e61ae7812e,41.744123,-87.599034,5,5,173
e88d56c29e38922199f7f953bae3c38d,41.743441,-87.604836,3,8,174
16f5f78bc2f7aedb33c296c3ab153afb,41.744531,-87.56506,8,3,175
81af2977ffd315b31fa30c1e0c105c7f,41.746559,-87.586005,6,5,176
c3a2e435800df6b9457c953850d8e9d6,41.751731,-87.552812,3,8,177
aca5547510a7ecb26ca56a9dc7c65219,41.744615,-87.551208,5,6,178
89e8d413ab6a69afc26e057eec5cb2b2,41.743921,-87.575225,5,6,179
023245f79c27b4050689999b7682c208,41.954468,-87.749594,3,8,180
9f2f7ed8a7173aad891b3804829a6587,41.961004,-87.649603,9,11,181
b43e717154e55eb624cb462f835301df,41.95469,-87.67393,4,14,182
68e1816452edc9da738acdaa63427da4,41.795212,-87.580715,4,12,183
76811a8ce2899c3a2dc85290ac9c23fb,41.956057,-87.668835,6,5,184
d7ff47c2535184bd63ea537a209678c2,41.871737,-87.65103,4,12,185
5638331eed58a899a85db4936c4dd530,41.954245,-87.654406,10,16,186
2e659e2ffcf0615e0e6b99dc9a289db0,41.963004,-87.684781,10,4,187
46fb487aa8b25457f97620b7a350e47f,41.967094,-87.679028,7,8,188
ffb325b7c243d0632e325b0394fd57c5,41.963982,-87.638181,5,24,189
3ee86a2136b47bc297fd017366cf5d38,41.795264,-87.596471,12,6,190
420834a97c833637964e85c31a304e07,42.016977,-87.677725,5,5,191
d457a7b9da5c491a96d3fcc322fa764c,41.885502,-87.716866,3,6,192
a30f2d2ae75095b65bf6d2e66f1b84c6,41.91402671273,-87.705126462,9,3,193
280d3f433457518f47a6032f21cfc3b9,41.90270659438,-87.709219571,5,6,194
fd73d0206c1622729079dbb05b42a9c5,42.019159,-87.673573,9,8,195
8e006fe3c7aae38d8b911580132d6798,42.019276,-87.68452,4,7,196
7301e9ce06ba24cc5141c8b8aa202033,42.015963,-87.675005,4,7,197
0829c47e62afbe8d933ad2bb7da3596a,41.98974251144,-87.6601406209,7,11,198
3dab58ef1e1744ef51671a1d6710275b,41.884114,-87.654264,6,8,199
719ebaf02db9826acaf0b6750e0bc421,41.898203,-87.637536,13,0,200
a1265094788b0c9b9a9979e5d7af216c,41.894877,-87.632326,4,15,201
f8df893921cad7a3033d2aecba8ea3b7,41.867491,-87.63219,3,15,202
bcfecf21efac4a9e134773451a0ef83b,41.876268,-87.629155,3,10,203
929e2453229c7cc0c9a26d08567211a5,42.001785,-87.688829,5,5,204
eaec65f163adf9e1aa9c5142640fac7c,42.00104377979,-87.6611982433,10,10,205
b191c5b5d4328ffa3a62fd4ab3b46624,41.99416136902,-87.689438282,10,1,206
d89ac87da12cff16bccfb09abbbd3f7f,41.99925182186,-87.6713773393,3,10,207
a70815c6c4c3e5b9e55268555f37502f,41.9947796884,-87.6602845349,6,16,208
1aae1888731b8b5d9d5fe5736a26ed19,41.99023602867,-87.6933696402,5,6,209
1b97945037671aed3236ad6cca108a0a,41.991178,-87.683593,6,5,210
80d36250e35ecfd6ba4a1fc838de631f,41.8246,-87.61678,4,11,211
c0356c36bcec24ea9b450c92f3e93000,41.856594,-87.627542,1,13,212
4bf1cb33224c2325f441e5851939f452,41.926277,-87.630834,3,20,213
8a1eabf974a6b7f10c0f7a7f163e8dff,41.902973,-87.63128,14,21,214
7aa892b0b9601e5a7006c86b5443b012,41.90230870122,-87.627690528,7,0,215
eb6011c268f60cb6a58651900ed513a3,41.855136,-87.654127,5,4,216
749986ab25629fb5e203a9cffb7c19c3,41.85795,-87.640826,2,13,217
797dcd6034420753ba795394b6f6b0be,41.899181,-87.6722,5,7,218
0afcba7f08f63a39fa72a258e90ed786,41.968812,-87.657659,9,1,219
8e8f4cee797eafe9ef21c449909aa24c,41.903222,-87.634324,15,5,220
31424354cdac57df090b98f227669356,41.901315,-87.677409,7,14,221
ebec0243f52cb883abf6c915567d3e06,41.906866,-87.626217,8,7,222
822500f969ca8b9715e0de42d51ec5c9,41.890762,-87.631697,3,26,223
a45b4812bb6018f9caa886580f8fd48d,41.891795,-87.658751,10,1,224
5fd2c149c4fa13f3a52a183f51bd63aa,41.917741,-87.691392,4,7,225
908d1319212241590a435912ef77575d,41.766,-87.611726,3,8,226
21cea48e2bd4eee0f3df805e3a2c5b5f,41.92533,-87.6658,4,8,227
92538d77f17b7ec270e44144bc0626c0,41.895501,-87.682017,5,14,228
90d1c94f86829864fe4e6c577dd50ad5,41.76663823695,-87.5764501141,3,8,229
7d43da0db1d8358218e32b86a3816a43,41.932418,-87.652705,1,30,230
bd04e2b3d04c43004098924b479f0816,41.7664094567,-87.5656875719,4,9,231
947b15686b78bd648a6ffe2b6cf139f5,41.858166,-87.656495,14,0,232
c084f0bc5eb8211e19ebbe383c0b34e7,41.858086,-87.651073,10,4,233
0b84766adf0a2f3f800d4f98ee68c532,41.903119,-87.673935,2,19,234
9e5a712bccdc89c8553aaf36b8e44b77,41.868968,-87.659141,5,5,235
1419b1b194846c781d1d3772a532eab8,41.8513751729,-87.6188346489,5,17,236
d27d509fd6bfefb67f2c8ae35cf1f81b,41.799568,-87.594747,9,9,237
d26e2a31325b53f74b527bb16f6bb6c7,41.969517,-87.654691,9,9,238
e6d761956585e4b845fd7d4e1c235f9b,41.870769,-87.625734,2,13,239
1b2a5a044a8d0fa98e4fd85d43209ff7,41.92154,-87.653818,15,2,240
5d082bc9bb684296802f7a488a38a7c1,41.93132,-87.638742,14,0,241
f7bea207137603323736e1cc05ed816f,41.788746,-87.601334,3,16,242
a009eb0b5b016f43678efbde10eb0e03,41.932588,-87.636427,17,0,243
02349a616939fac8f0c8c6407d246b05,41.82168,-87.6216,3,8,244
caa43edb395873b976d5b588c765a32e,41.809851,-87.616279,4,6,245
db60e1029c28db237ece2147b2b51285,41.854109,-87.685838,7,8,246
615a2ad04a4d6f0cea5a440aaf094f3c,41.857901,-87.668745,9,1,247
07501be58dc46c1c97fc34e267d589ee,41.794853,-87.618691,0,11,248
d98d7958c4aab1ebf98b1afafa51217f,41.84358,-87.645368,7,8,249
e39f12d016a9b60d8b6a24b38a328b1d,41.847203,-87.646795,1,14,250
407ba2b52bf4d50723e7574e9a699636,41.849527,-87.640591,6,5,251
ca251db283cd0f46ffe302b9a2ffc2f4,41.880958,-87.616743,0,23,252
eda649a23d4085da497fe9116739bc40,41.877245,-87.639366,1,50,253
26e9f5274b8a1765f183206856aa7f44,41.860384,-87.625813,3,29,254
7940eb60b0c3b7483c3462e920a85871,41.747363,-87.580046,2,5,255
cc11da3951db79419203218812c66be2,42.064854,-87.715297,3,11,256
1a5be6e32360ec69634b232736a6793d,42.023463,-87.699595,5,9,257
d8013d38878755331bd54b2c8b7930c9,42.057044,-87.686554,0,15,258
e16d4d75c8b3e2c626c68049617a5a9d,42.004583,-87.661406,4,11,259
9229c29db2e2b29844a0bebeb0a1ac25,41.880121,-87.763238,6,3,260
0b495a7daab1586558cd6ba66247e443,41.875806,-87.755285,3,8,261
0acfdd56c4bc483530ecfebfb6e45784,41.880207,-87.755337,2,7,262
03d1c15054d93c589812b4a63856f784,41.872993,-87.764499,3,7,263
3afb58d4078b6318938531c64c67bd32,41.823192,-87.676597,5,4,264
c42f99a4a4495ef7bcd53afb50a714e7,41.823465,-87.665577,3,6,265
306ac898533a2d97e27a98ef343ed862,41.880281,-87.774453,1,10,266
a71023fb5337307034da4c1190ccbbb7,41.877917,-87.735737,6,4,267
d6478db99a9c12a549f355985a299c93,41.823613,-87.650931,3,4,268
7f81ba9c5c3d9302018bc1780028a564,41.813996,-87.666589,2,8,269
364d58ee59313cba92553197557683b1,41.875885,-87.640795,11,10,270
db90f83902e01561445319d75dc5ebee,42.025784,-87.684107,4,11,271
4bf1961bbc5ce62b7c2ed40082e9ee27,41.802562,-87.590368,9,10,272
65c11a745158982e919ddd39261fa212,41.87501,-87.67328,7,7,273
aea7a01b63eab96f8a8249abea8afab7,41.922695,-87.697153,0,14,274
0c3101d9f943db24420dba17aaf63391,41.890173,-87.626185,9,14,275
cc08d787655803a65c1ddb49bb271e25,41.911974,-87.631942,2,10,276
64540050be6028b39a22740823a44096,41.895769,-87.67722,7,8,277
0f177d3b32e60209da05905560c94dde,41.857556,-87.661535,4,10,278
24584d0f8ede430a7b0ad33526a2b6df,41.870257,-87.639474,8,6,279
25e977407dffb9610bcd6cb20c6e2464,41.80229465088,-87.6180535802,7,4,280
36687d1a860aaf9e3fc77f7c493828eb,41.805772,-87.592464,7,8,281
91a2767d4d8381858085b4f13ccf1a80,41.802406,-87.586924,13,4,282
9a46083ab2c3279208846b6e96d12ef7,41.81665889302,-87.6194124619,1,14,283
1df6235b0ff4f6b001382d5d18d49811,41.80813391481,-87.6456165545,2,9,284
657f9b381d52bd4f82983fc2288ec906,41.80931770924,-87.633449288,0,11,285
2ad32d67edcc4b9881abf3f603e13239,41.81409271048,-87.5970051479,7,6,286
e0e7431735a58a6ca3e36583832dc343,41.93842879148,-87.698007756,4,15,287
72a821f75c5a0bac7068547cf16b11c5,41.79933626261,-87.6009581145,11,0,288
e4bf5539a44769d46e8dd90f58c8b8ea,41.79949429373,-87.5864498959,10,3,289
a4e583cdb00ac1e73312f4e49285cb2e,41.93058537138,-87.7237773635,9,4,290
8c777eca4463fff96fff6f05d7850aa9,41.954177,-87.664358,8,5,291
3eab41029dcc7cfb447f7ccfd8f3d188,41.925858,-87.638973,6,7,292
a2f2f836110ef21944a56c6e6c50cd77,41.968885,-87.684001,9,10,293
933cb0a5dea77635dc5833d20e5d9be0,41.920082,-87.677855,1,7,294
69b1e567601c42f55f7b49a139352939,41.96325,-87.679258,16,2,295
999b18f3e2453c88bae479ddafbb40ef,41.912919,-87.664169,6,17,296
79ef975c5171b8c6b47155e575c4085e,41.957921,-87.673567,2,13,297
e82fa43aef1ea69e1d0e6ba769e089c7,41.86722595682,-87.6153553902,0,40,298
33003a323f2d7c6f95b92851e9d75524,41.83920868403,-87.6656098589,5,10,299
2018d77a4f53eb8aa622437859208a82,41.83010465416,-87.6702983089,8,0,300
81ba5c4538ee43a37a5dc5a290c42a5b,41.84163253965,-87.6574349533,5,6,301
cb24b6045d9b1fd588f77a3aec82259b,41.90021949323,-87.6429854676,3,12,302
4c7e305720b64ff3eec92f369b8efece,41.8797877089,-87.686112808,11,4,303
e5ed81097e251dca0e432e04a9d748cc,41.87474885079,-87.6864452757,6,9,304
8d1761d610d05d510039533e5cced694,41.80183164049,-87.645213904,4,7,305
f70578cb7c29e5d5ac2c0743ff14fa3b,41.794982,-87.633124,9,2,306
c92a84b3a3c73ca5f1de911ced477f7f,41.79292964599,-87.6449900565,5,6,307
da3a55c49a1bc9e356c79406e05b5dd7,41.77938114228,-87.6446208145,5,5,308
59ab8ac4063c7dbf59893ca8142b7f7e,41.75182,-87.565211,4,6,309
646d9634cf926644984a07b77e778450,41.751785,-87.578496,3,8,310
bf70c744a8a8de5759ebd9403f74086e,42.058239,-87.677432,2,12,311
b3e61c0ce2eba95f1cb0259920b35deb,41.750794,-87.624424,6,5,312
395847344178a464971371a85fc22da1,41.756971,-87.624621,5,6,313
f676f4701b439d63b1a023a83bc139d2,41.758361,-87.614138,3,8,314
b77419e6743f8acf4acb709dbf694c0e,41.75849,-87.60641,5,2,315
f2b9e32ee99bcbfd730840ff3b2306b3,41.751173,-87.585337,3,8,316
6eead1794659baa58fe149d5c2fc8618,41.751294,-87.597552,4,7,317
8466bf73bb66985a22a52cb915217782,41.753174,-87.605026,4,7,318
488920a2bb750930e1b6d393603d8689,41.75094,-87.61379,3,8,319
61e0da2f7ddcc37a0d71293132cd41af,41.9105780349,-87.6494219288,10,6,320
5e8af6ab3c5f6cb8384b13738c13d290,41.907655,-87.672552,11,8,321
c25d310098d40541f3f8ed0386dfc0ad,41.929465,-87.684158,9,18,322
907f9c85ec9d32a227f93c076a2183d8,41.885637,-87.641823,6,16,323
1c529368db02e34af3414e7e5701f9e8,41.9256018819,-87.6537080423,1,22,324
000e436b8d7bf9fd184d41b156f948cb,41.809835,-87.599383,8,7,325
38d4473c18239685a845b74e0bbe25eb,41.936083,-87.669807,7,11,326
b2be6d54f7fec306fee0de788a3b49c9,41.967968,-87.650001,2,9,327
95baaba1fe7864a0e073d1e468bad020,41.952833,-87.649993,15,0,328
aa83255a111d5d474fa9b39cb68c1712,41.948797,-87.675278,2,12,329
f31f17b9971c52cb0152f44531d388f1,41.954383,-87.648043,13,0,330
2968e7767f84b958d9244602c06acf1b,42.050491,-87.677821,2,11,331
632f83f56c949116814a092086159872,42.064313,-87.686152,5,9,332
907b919e1da20ef849b4518c71c316d4,41.90965687563,-87.7166319516,10,5,333
06a6de7f7cffde567ee292ea3534bad7,41.90976930169,-87.7052804871,9,5,334
771b594604332e6816fe2c713999aab7,41.91751339399,-87.7018089555,15,2,335
7f7d5bcd101f26a8355dedd055b35334,41.92463247165,-87.6893070063,2,14,336
e03ab50563b9e251e2786bce5f89a49f,41.92409085038,-87.6764600747,3,12,337
c459edc99e85e8d9ba10b208c04d57e5,41.92669,-87.697668,7,8,338
71c19c56beed5356818ad0d7c9f3860e,41.93533728263,-87.7168892935,9,5,339
b9677ab68c1e214fbb8c335cdd25f421,41.93190196886,-87.7011951301,1,14,340
dc5d23eac992750eb5cf049d8aee290d,41.96108,-87.73569,5,9,341
0b3dddba342a8e9af1f19ef9b430b0c4,41.877618,-87.673895,11,8,342
79fdc8ca913baafc34154b741920d5e4,41.98039423475,-87.7161149615,4,11,343
5cdb7a2b62f405d0012daf5df712184a,41.98366470886,-87.6964225611,4,7,344
354ed8c0239f9c3c931598da731051d8,41.890028,-87.636618,2,8,345
355fa26149298640b56c108863111a32,41.9716,-87.650154,8,10,346
565cee830a9cce40615f9af2ab6c41e7,41.97561480459,-87.6794590387,9,4,347
b76a1bc6b4c1c555b52ac5adfe9950a6,42.0085943972,-87.6904922389,3,11,348
6794f67cee27936f98d78cbc19b6545c,42.01213227742,-87.6829126443,2,9,349
6d27125735f4f7696a61918bfd37b6af,41.9840446107,-87.6602738295,6,8,350
ab66f497e9135091b9a1babe569aab21,41.983593,-87.669154,5,5,351
82d0533adef7ab362205828e14d5c16c,41.979762,-87.67753,1,13,352
b556cd44f9641df86b0c328b67f9a07e,41.864059,-87.623727,0,17,353
ffff0c7b9c2b0487ecb98a5985815429,41.874255,-87.639573,6,7,354
f89aba5bfb97aa779146a4a86948cbba,41.885837,-87.6355,1,24,355
64c9262ec070f084503ba3d19667145f,41.95078,-87.659172,14,6,356
5e85a15e67cee35ca841ddb606e566a8,41.92883,-87.668507,13,1,357
6234e308c0b300f36c0a9034a0802a0e,41.8492,-87.67564,5,2,358
ff723b7380116e7eff98e2ae163ebfb5,41.910535,-87.689556,9,5,359
f7cb099bbf0d472405042393f538e9d9,41.89576474564,-87.6259080327,0,23,360
33e60f8081b6f75502709c76797709ef,41.93588,-87.67842,9,5,361
340aee4802e4c4490cc37273b2950d6a,41.931931,-87.677856,4,9,362
968715e98168c925d3758e281e75d50e,42.048308,-87.698224,1,14,363
530ec57ae6a997084295a469e42e73f7,41.82879201994,-87.6806044594,4,9,364
350d3d3266d2df094051aafe4e48d82b,41.7664929373,-87.5864608775,4,6,365
6a25a9e0f01f1a8225370cfa5a216e89,41.773643,-87.567514,9,4,366
1a1597b75ce539ca3852e86fa40fa9e4,42.01058656284,-87.6624120948,4,0,367
662058c8efb656b0b6d990602c027af9,42.01256011541,-87.6743671152,9,4,368
f4c627215ba7eb3edbefc949603b9a8f,41.77351755125,-87.5771428255,4,7,369
a653d3466e0c6e12db1f58d7eb132237,41.803038,-87.606615,6,9,370
5e371f178ff09dfe69faebb7a41d31e6,41.90348607004,-87.6433534936,5,15,371
2f74e5daa1d772e75dd310c95860b067,41.903029,-87.697474,4,13,372
7fc647c996c1e48a3f1e10f92753287d,41.88137,-87.67493,4,8,373
b5abaa7f26aae7af04cdeb338d01c3d9,41.889906,-87.634266,0,30,374
914127814e130b4e728cc645009ba705,41.90345,-87.667747,4,19,375
c01c5567dbf65268eaf6bac361f089e6,41.856802,-87.633879,2,7,376
f4826cf28cc8395cc6eca6c6d883e287,41.915983,-87.677335,10,4,377
d195b667b6d77b8623cbf2e4e5e1b140,41.912133,-87.634656,9,2,378
595e8635dd8d3b387d78c01178dfc93c,41.918084,-87.643749,5,8,379
682ae6d99e9277d6c1b357590cb76360,41.84847,-87.685109,3,4,380
f243d810693e02acd4d9a7357fe0aa4e,41.8378,-87.65114,9,0,381
06babe745b1c17c12642faf3a76c2336,41.878166,-87.631929,0,35,382
aaf2ffcccd8d8daf5ff1b23979942eb8,41.864883,-87.647071,5,9,383
ea3177ce981a99a50407e99cc7286cbe,41.889899,-87.671473,11,6,384
2bde07852487100be02f1242dca35060,41.87785,-87.62408,1,17,385
06dd2b4f6c751516c09ea761de5314ca,41.880317,-87.635185,1,29,386
02b8e6681e98d5ecbd550932fffe653e,41.836208,-87.613533,3,7,387
39e37d732168a50575eb1d62644134bd,41.827059,-87.64572,5,0,388
d14d9dc0b7e1a6ef176f4ee589a101c5,41.871514,-87.669886,1,10,389
fd5c4311bb77f1367251605fb71b336c,41.929567,-87.707857,8,25,390
48bba7ce9e8c9533e72d738aca3901a6,41.809443,-87.591875,7,8,391
ea9304b74cdd98ac4cdb6af5f9f82b82,41.822985,-87.6071,6,1,392
31454057b1196b9e7ff10efc48f9e7c3,41.886835,-87.62232,3,11,393
75c9d22113ef305f4835d061a0726da3,41.911722,-87.626804,16,16,394
2cd73a021587f99df63d6bae8f02f239,41.867227,-87.625961,0,20,395
37c0a71c55f34d49365e0d7c048d200c,41.867324,-87.648625,1,22,396
a6b98b17ed8f680c669197abdd66fc17,41.896362458,-87.6540612729,11,5,397
ca9fe1ad6bf9de7d4c70eb32585acb13,41.8671177825,-87.6410879593,1,10,398
dbe3f5a9188f9c7887d3ced1e5a970fb,41.888716036,-87.6444478533,16,8,399
8aff3906ed0318fc7bb7d88623acdfd0,41.884576228,-87.63188991,5,38,400
6897aa465f79389fcf214e695719b2fa,41.8759326655,-87.6305845355,18,9,401
2bd76c2dff7f54df82dd45a859e76d6d,41.894722,-87.634362,9,13,402
f000e9a69dcd83c637203aeba82370a9,41.880708,-87.741018,3,7,403
4709a27bffa86c2df50a8d4a2f841d81,41.885928,-87.73541,3,8,404
f4aabe262722adc3f937e9b68bea8ea7,41.88085,-87.727907,5,6,405
40f7025e20483978bc15495343fdbc11,41.875679,-87.71547,9,2,406
765893957418ab80bae6e269653af1e6,41.887664,-87.765469,3,8,407
4edb7ece2f8a8dbfae084f70402c0b6c,41.887832,-87.755527,4,6,408
23ef229e2f33c15003090992ef13f535,41.877613,-87.745405,5,5,409
bc5d804e49bed4385aef307dcc197a54,41.872131,-87.746619,5,6,410
366c20ad7571dc525964d6ae9ddbd05b,41.949399,-87.654529,15,10,411
9a51030552b35d8530f77718210bc0d4,41.91552,-87.687022,3,11,412
b34d06e44c1e146a0bb5cf1bc37de2b0,41.894666,-87.638437,7,14,413
7beddb67c3011a9cb627f1c9a097d98b,41.893992,-87.629318,6,16,414
ac7f4774d7c91a711e0f5924fe552381,41.88592,-87.66717,8,11,415
cb11657c8a4f1883485ca94ddd62f73d,41.911386,-87.638677,1,13,416
33f72132670a5dcaf0c9c7a45b157141,41.77372095205,-87.60563486,4,7,417
fdb715ac19958dbaf1bb67c5ce66ea26,41.7804056457,-87.5914159893,4,7,418
8b79810ce9ad7a020d960d16cfe07844,41.79342945658,-87.6158532619,3,8,419
0e668976214dbbb381a47595089a78a3,41.79430062054,-87.6014497734,9,9,420
34a65f815b861b25fd58151c7e1804fb,41.791478,-87.599861,1,30,421
36da1de22ea44a5eb3d9e7df3ea1008a,41.79156801058,-87.6078521774,5,6,422
b94a12b653fd0f51138b8cbc62b7c835,41.78794281287,-87.5883151702,9,5,423
26b13efbee493fddbf8beef95a435017,41.79172820953,-87.583945009,12,15,424
751f890c4c49c8e7bcec7d7316f177ee,41.78509714636,-87.6010727606,10,9,425
5694ac122463a487c2a550cdaa8563fe,41.943403,-87.679618,4,5,426
fe57e226656e8287c5b8f9fa4a74c0f6,41.917805,-87.682437,6,3,427
2903309f30bc4486eabcf451f5d7da7d,41.907993,-87.631501,6,11,428
c06f083a7937efe97d0fd098f9ef5a8e,41.928712,-87.653833,0,29,429
482ba3ab09a8c36665a738bed2a0c329,41.945529,-87.646439,2,20,430
9db81ecd0aba3c252879bd4f36deff12,41.949074,-87.648636,9,4,431
b6c35b270544b32622eb385fdb56ece9,41.902893,-87.687275,3,18,432
990c07828d764c7ee2419414cb7a980b,41.958494,-87.654966,12,5,433
99536bb46fc2ec14556afc3c04f5679a,41.920771,-87.663712,3,9,434
08c4bc0379c2935a5914b0005d33bd56,41.75797,-87.63121,2,5,435
1daa9ab0416e26fcd0dd0351e8213ea5,41.75916,-87.595751,3,8,436
5aff6642707086e31deb7f0b10d48162,41.786833,-87.666215,4,7,437
25e62dbec091d762d5d3cfcb8a9cfc07,41.783189,-87.654372,8,3,438
6a0480f0b1c0c42c3f8996538331658e,41.779374,-87.664843,3,8,439
275e0e30fd242afe1850b86f77aba690,41.774074,-87.663815,3,4,440
70295e93af6d89f682fc1c0471a3e0b8,41.768938,-87.652934,5,6,441
9df10eac6538dd4478163b70fd962961,41.943739,-87.66402,4,15,442
c0e822441d9b83a95b37a690c9993c2f,41.9406,-87.6785,15,0,443
55e7bad63571cafc7593c0bc844e8cae,41.94815,-87.66394,16,5,444
f66c4cae7bd5da01011ca4d0f702cd43,41.939743,-87.658865,4,7,445
1b2346758d429fa1670e2f9b59e98277,41.919936,-87.64883,1,4,446
6208153f78099e63b6f6718863a1c712,41.913865,-87.648755,7,7,447
8f2f12a573de1ba03278fbd7333fb6a9,41.918216,-87.656936,8,6,448
1637528a5f4a98bb1c4d4c3e5f91d8d3,41.931248,-87.644336,5,16,449
10e5760e340501b5b5680ca27033ecd9,41.76906172032,-87.6446135779,4,6,450
6dc7dd1d6b2f49031c3e89be720f67ce,41.78007963264,-87.6297463052,0,11,451
70026de201c74f457751604d7ecbff9f,42.052939,-87.673447,0,13,452
4b352d2d473b6f431f8e950081c751af,41.838556,-87.608218,5,17,453
5aec39ae0888481cfc712e9eb5b83d2e,41.932225,-87.658617,11,1,454
82e08c74d9410b270cac6353735fe4aa,42.063598,-87.69873,1,14,455
8ef7087960d1ab3bbd3f54ff02e20900,41.9364968219,-87.6475386582,9,4,456
fb4fd2aaddba07444cc7b6ccd6ed7460,41.907781,-87.685854,5,6,457
0880aca32d6fdffe9e6010f1db79b6b8,41.912616,-87.681391,1,12,458
b4618559803dbd5c7702057c69d41a83,41.76218896038,-87.55927465,2,9,459
84067a7cf563c4d64ca6842d50aa8911,41.895748,-87.620104,3,8,460
e63b4cab609a2ea17aeb66601dc43962,41.75787144829,-87.54938625,5,7,461
91eebabdcecb4c750524aa7ca9962337,41.897764,-87.642884,2,38,462
12b8254ec71dca55a171f0d2207cd7db,41.881319815,-87.6295209193,0,38,463
1cbcc72e1880040a9410290366815cca,41.89993001,-87.63443007,10,6,464
2ae97b50ac16947923f4b345a362f03a,41.876243,-87.624426,9,5,465
8875547144c92a1028f7f675099dd3ab,41.852619,-87.626488,2,8,466
ae17da9ffdb20ad027b9b4b7b6580c84,41.87934437346,-87.6319852213,1,12,467
b7df03953190c3f975e669e6766ca395,41.87207763285,-87.6295437729,3,10,468
372e1aac0ec91b1a32e7725ecf385645,41.874053,-87.627716,11,11,469
89fa33f43df5478969949f1fb5b10ee6,41.965845,-87.645361,6,8,470
2f7f198023e329e768359203035a6e11,41.947326,-87.717582,5,10,471
309da550b006c52d6168c032e8ea6908,41.946264,-87.731023,4,6,472
64cc1de23a95df42d4236c4af93c73b0,41.95216219326,-87.698051113,10,8,473
c3a4d36a18769a677d653ef4089198d8,41.95434085219,-87.6860796243,6,7,474
b2d1deaacfc27554bd245c70ddfbe996,41.95358617895,-87.7093107999,8,7,475
cffcafad3473a0c6e721f17a7c5ebd5a,41.95400483876,-87.7191281797,10,4,476
0ec7e9f5ce89ccc8b70446b115c714cf,41.953393,-87.732002,7,12,477
daf37b0036b43b8f4c56584b0bcdfeb7,41.961068,-87.695439,8,7,478
69d397ee69ada567b075d6a132b8e17f,41.961041,-87.705866,3,7,479
73419b8436a50579feeca21ce987c5bc,41.97491129677,-87.6925025594,4,10,480
e1fd323065b7b71db654d07f44614094,41.975672,-87.709261,2,9,481
2db6d44ef78f3bf804a0fc5d8aad95fe,41.97563272521,-87.7014194389,7,7,482
08000cd20d13070c803da1178c247660,41.96668636205,-87.7080519806,4,9,483
02657ffd3bca983eefa977199f17e98f,41.965875,-87.700825,4,7,484
57655611304cb4a66395859ddb08e38c,41.96835449363,-87.7118306675,7,7,485
65aa0c7f16b5a37b61733d5cc2bb78d7,41.968987,-87.696027,8,7,486
8a4f746992ac2293b93e393c83bbebc3,41.96590013976,-87.6936384935,1,13,487
98fc69d2a12bca242bbbd2144a70d21a,41.96115407569,-87.7165690733,3,11,488
f9a96332368bd3b0660df1b24509f030,41.8839840647265,-87.6246839761734,10,31,489
45f13d3b4b5dbece5ec343ddee63d36d,41.89380805624359,-87.64169722795485,12,7,490
d164f651b013914fac95d1935eec2492,41.907221,-87.655618,0,14,491
e8504b24e6cb0d95b51e5a772f28cf9d,41.89102331025185,-87.63547986745834,4,7,492
8dea8c1a38e1b088ae97f668de03f326,41.917108034789315,-87.71022096276283,2,13,493
c49906c04f93e6c485d729d9ca6a1d95,41.93258963429789,-87.66593635082245,6,8,494
2dda059bc5623406b2f6267bfeb08121,41.87943409140013,-87.63550400733948,2,13,495
f81f9683c9e9f171d7786b36ce74970e,41.8750236280333,-87.6330940425396,6,20,496
c3cbf1d39a3e4f2796d2fa9ca58497de,41.89046879243862,-87.70260751247406,6,5,497
e3291f4ea585f85692b6de1d2094d29c,41.85008369347577,-87.6321405172348,5,9,498
5508abac570a180f188e837444d4ef7a,41.92393131136619,-87.63582453131676,9,19,499
be8bae121bdcbbfc7d669ffafbc74d5e,41.91849115368695,-87.69742280244827,5,9,500
1952a98250a4872b6d95e78e3f89576a,41.896746973093805,-87.63566762208939,8,11,501
87a35908ab7c23811c081f37f8d49779,41.9366884494997,-87.63682901859283,12,0,502
255e39059b9ef2cbacaec6260ab52edf,41.8776415962753,-87.64961779117584,11,0,503
9663a18010f96c157387f5e2de771ae7,41.89184737210993,-87.62058019638062,15,0,504
654138ca0b3590901cc8f1b21ded3799,41.85491457576575,-87.66355991363525,2,12,505
72e4d19f1e5e683d718dda063dbe4b25,41.86193049278259,-87.69345045089722,2,13,506
f6cc6e2fb28946807936585787c3fa07,41.85308455741279,-87.63193130493164,0,17,507
7315c2c3c2df3255eff182f420a03734,41.854063503874464,-87.71511733531952,2,13,508
bd449822483c151a1f8b1d0ce62d080a,41.93758231600629,-87.6440978050232,15,0,509
f5275751444d6771cfe4752512efbd9c,41.95600355078549,-87.68016144633293,5,9,510
d6033782f32358681c1434220ca6f058,41.768898,-87.635876,4,6,511
2083ecd8315656c575be1b4b2f6175d3,41.765286,-87.621748,6,1,512
5d28a613b787493ac0c5c79845bf486b,41.779835,-87.634774,2,9,513
ba7afbcd59c57177f0307d7a99e37e9f,41.868563,-87.686234,10,0,514
f7e7610f80a7b8a027e9fe725a0b3395,41.77987,-87.650919,3,4,515
8fbb06ff050d5853f37980851b2f1e16,41.796642,-87.625923,7,3,516
c039361d0acf303669919dd17017f0b1,41.979851,-87.681932,9,4,517
a7c0b54b7defd78688628f497df5de26,41.939354,-87.683282,8,7,518
2cd0b58d06a9ba82639a80edb736999a,41.914166,-87.716755,9,2,519
81c748b62f4399ffc2239e71f44855df,41.949923,-87.713949,5,5,520
388a27a52916f75b8265bc2e75a3681f,41.94454,-87.654678,7,5,521
b9fff647246c194722af0b6449fa1bbd,41.895634,-87.672069,7,7,522
cb5a588c1bba09e366505637d2d04c67,41.883073,-87.656952,2,8,523
6f7046ecdff6a9a3078a47792386b80f,41.892048,-87.689397,6,8,524
a69f44ab5a4e6feb4ad98862149c8f46,41.902997,-87.683825,4,11,525
48968790119959331f0fce1ff9cf6171,41.885951,-87.677009,3,10,526
4d86e988603806411794d28b94d8fb21,41.8310363140161,-87.62679755687714,0,17,527
ca1308c8c647e31c78977ab2998c808a,41.92019556200566,-87.69265919923781,1,17,528
d5dee9cd110f3aba3deba3f8717bcef5,41.743717,-87.634088,9,6,529
45a62e772cff2a679f9b735a7f7e95dc,41.94947274088333,-87.64645278453827,11,9,530
28fb285fa4ba2bf2278c62318cd027a5,41.76160543804394,-87.64416097666071,9,6,531
ceee71604f7225a7ecb3f6e959f31633,41.75248701249013,-87.6439021574879,11,4,532
b3c0684cc33c870c2f8cea22075288e2,41.91050936666395,-87.6823890209198,12,2,533
b448dab6011a4e9facf0a928130a8ee4,41.75220484941116,-87.66369938850403,2,13,534
3ae49d21a28184532963c572d1bbe9ad,41.73681521440671,-87.58280128240585,8,7,535
e59e19ababa66194c4866c64883352b9,41.737848476733404,-87.64489978551863,6,9,536
18737ca82f22ba9fda23b24fc81eb6a5,41.741486528618054,-87.65841007232666,2,12,537
5f574475bf33d70bf3551730f8ff8577,41.7282338,-87.6675239,6,8,538
fb15430fe872406ed5a932873c5f2398,41.726798963701185,-87.65429019927979,8,7,539
78a6d88fb565c897fe6ccf7e28350cc1,41.7218499,-87.6228544,5,8,540
755e5b7241f33977c49289a74e2ccc57,41.733668790714724,-87.55834221839905,5,10,541
45447727c03874e329d5d88d4d32fdc3,41.72820421535798,-87.54970014095306,6,8,542
9d2193afa51a098eed6e1c8e590e915e,41.737335600416664,-87.54851460456847,7,6,543
b4555fca50c8b4de398971eba1793113,41.7072503677818,-87.60766267776489,6,9,544
c39bf3b3e13fa5d577fe25860b623ea6,41.70717027117756,-87.6184719800949,3,12,545
dd9f283b2c211ac10cfbe6bd5fd38363,41.75923602425868,-87.66347408294678,2,13,546
b3e47d1f5439d2f28632f90cb939e2aa,41.713397484422444,-87.56584167480469,8,7,547
2dfe6bddcc5b278040892d4348f3983d,41.69170975847015,-87.61000156402588,5,10,548
ecd33ef027340d25669fa3afb11bcf6b,41.70012137923888,-87.61225998401642,3,12,549
622cb5f805b8e4db6e6ad8517ccfc5b2,41.719712183618824,-87.6430195569992,11,4,550
471cecedad6ca5cbd28b65b53e22be87,41.727575659299575,-87.63482809066771,10,5,551
1bb2f71e9b789ca40b65540dad96ee80,41.72229074095262,-87.57896840572357,10,5,552
fa5db0193312f5ed652aedb43b38aaaf,41.728264268162725,-87.59729862213135,10,3,553
2f6b12a929331e18d330a38f0be5b8dc,41.71870315475741,-87.59703576564789,6,8,554
6e57ce23b38b38bec940a38901485b24,41.869265218438194,-87.67373085021973,6,10,555
137b344a8a506e045bb7457d1c151182,41.731394943302355,-87.58574366569519,7,8,556
e769c889ed2c83b4cfa0d66405d7830b,41.73655902282214,-87.60125756263733,7,7,557
0a8b649d2a50140cbcff6198f87c4d74,41.702800850225906,-87.55972623825073,8,4,558
8d34a03333cd153d205a7ff4034f653a,41.73715146431056,-87.57274031639099,2,12,559
a737af167913c68ecd8caaa2d1e3357a,41.69226255589166,-87.64261186122894,5,10,560
6189ffdbbaed94c8f392d1f96c0c76a9,41.705307996998194,-87.62921690940857,6,9,561
1333a9443f0cba4364bba42e7be1e5f2,41.68701479467118,-87.62105226516724,8,7,562
017c6b4b9fd93816b0e458a551740039,41.68493159519296,-87.6452887058258,4,11,563
8fc51937a5be7ce673d06ddeb3258ad4,41.7045750872071,-87.52823173999786,6,3,564
beeec3fcbfd3990ca7615f753b56e325,41.67064383687979,-87.62258648872375,9,6,565
c02ab28f11106c76a3954a12f41085d0,41.66869635332246,-87.63711333274841,1,14,566
57e586e0164e28ad3a7bf87c342cb992,41.658413151101065,-87.61071089698817,1,13,567
83dd1e9ceff9299708c834ec91298d3e,41.68587705562333,-87.57382392883301,4,10,568
560dc22ce8d878e76c041b3ccd80a209,41.71274876109496,-87.53481388092041,3,8,569
3249ba3e0b6394d3582464afd626ffbe,41.68100145911039,-87.5379312226869,3,12,570
f29e9ac4ee51e6529e50b86bba9fe68f,41.66631200825726,-87.55721569061278,9,5,571
d94cccc8b4a295fe2c3888f1eba99fa7,41.71216410359803,-87.66773343086243,8,6,572
f9e51819dad8dec8dc22edc140d1b616,41.659150427597744,-87.55076229572296,14,0,573
416f18739363a960d3b1543a9da1ef69,41.699206168127674,-87.66891896724701,5,6,574
b620e5bfb4e91c422bf4553db0d739d9,41.92481559681187,-87.71449506282805,8,7,575
f9ee27ac31cebca29131b1fbf518196c,41.684595072026184,-87.67070800065994,7,8,576
08a43704a8114a5752a4c976e9a62eb9,41.687561623357375,-87.65547573566435,5,6,577
142746407344ff6534df938fd850593b,41.70492556499764,-87.65686810958869,9,4,578
4c6a0cbc9a471d81c3c66c1a442b1f53,41.691211034981045,-87.68129736185074,18,5,579
3611821a22502758c661a28911cdc920,41.70513978893236,-87.6424241065979,10,5,580
6dbd5183f41f422677ae05520fa37340,41.69131919221066,-87.71288573741913,2,13,581
d2a8063bbbc50c28075b33635759647c,41.9093960065,-87.6776919292,1,20,582
a005af57779d9f98d8b4c38d5649b7bf,41.717878301935,-87.56459176540375,3,8,583
e0372b59028acabe685c2533b8e3cdf3,41.64850076266409,-87.54608988761902,9,4,584
8d284705c1c079ddb3ab5bff25ae2936,41.890847040623804,-87.61861681938171,8,20,585
fe4d6dc10a57a30d948de7df236e85a8,41.973347640473044,-87.6678554713726,13,4,586
828d2d1daef8c260819fb0d9e04d9421,41.93947775040509,-87.6637476682663,6,9,587
0faa231b390e59888eb89168098dee5b,41.71331739547703,-87.55109757184982,3,12,588
d09e04b78027394bf3a361c0ce451563,41.88602082773,-87.6308760584,1,25,589
1acd768dd64dd6fa6b2f9536e1cff452,41.990860448125574,-87.66972362995148,7,6,590
6ff65350c7f73b977ac0a783d4c95b8d,41.854966518753926,-87.67569959163664,7,6,591
cf00d503257af1f5b594fcfe0e6d045d,41.89434513742426,-87.62279838323593,2,16,592
aaac1775d75a9f921ce7f0c7c99aba49,42.03463185161588,-87.69918769598006,1,14,593
c43efaf7e2ecb68c7d71063f68856805,41.85377981072743,-87.6466029882431,0,8,594
fd23247e7cd53430096e6a8bfd873225,41.95786652415174,-87.64950513839722,7,6,595
f905ddc7c91c29b33d7b073afedb4ca1,41.902901,-87.631282,0,4,596
385c7cab8b21d07362140f1a0c0dcf10,41.705846,-87.717074,6,1,597
753445be99bb64e14d66f9dd80728512,41.885586,-87.6531893,1,5,598
c38762a9e9748c56067773e28217db2a,41.738246,-87.531067,2,2,599
1ddd2cafbc0a206311cfcc662ead1fd1,41.935581,-87.644042,1,4,600
